<?xml version="1.0"?>
<doc>
    <assembly>
        <name>NPinyin.Core</name>
    </assembly>
    <members>
        <member name="M:NPinyin.Pinyin.GetInitials(System.String)">
            <summary>
            取中文文本的拼音首字母
            </summary>
            <param name="text">编码为UTF8的文本</param>
            <returns>返回中文对应的拼音首字母</returns>
        </member>
        <member name="M:NPinyin.Pinyin.GetInitials(System.String,System.Text.Encoding)">
            <summary>
            取中文文本的拼音首字母
            </summary>
            <param name="text">文本</param>
            <param name="encoding">源文本的编码</param>
            <returns>返回encoding编码类型中文对应的拼音首字母</returns>
        </member>
        <member name="M:NPinyin.Pinyin.GetPinyin(System.String)">
            <summary>
            取中文文本的拼音
            </summary>
            <param name="text">编码为UTF8的文本</param>
            <returns>返回中文文本的拼音</returns>
        </member>
        <member name="M:NPinyin.Pinyin.GetPinyin(System.String,System.Text.Encoding)">
            <summary>
            取中文文本的拼音
            </summary>
            <param name="text">编码为UTF8的文本</param>
            <param name="encoding">源文本的编码</param>
            <returns>返回encoding编码类型的中文文本的拼音</returns>
        </member>
        <member name="M:NPinyin.Pinyin.GetChineseText(System.String)">
            <summary>
            取和拼音相同的汉字列表
            </summary>
            <param name="pinyin">编码为UTF8的拼音</param>
            <returns>取拼音相同的汉字列表，如拼音“ai”将会返回“唉爱……”等</returns>
        </member>
        <member name="M:NPinyin.Pinyin.GetChineseText(System.String,System.Text.Encoding)">
            <summary>
            取和拼音相同的汉字列表，编码同参数encoding
            </summary>
            <param name="pinyin">编码为encoding的拼音</param>
            <param name="encoding">编码</param>
            <returns>返回编码为encoding的拼音为pinyin的汉字列表，如拼音“ai”将会返回“唉爱……”等</returns>
        </member>
        <member name="M:NPinyin.Pinyin.GetPinyin(System.Char)">
            <summary>
            返回单个字符的汉字拼音
            </summary>
            <param name="ch">编码为UTF8的中文字符</param>
            <returns>ch对应的拼音</returns>
        </member>
        <member name="M:NPinyin.Pinyin.GetPinyin(System.Char,System.Text.Encoding)">
            <summary>
            返回单个字符的汉字拼音
            </summary>
            <param name="ch">编码为encoding的中文字符</param>
            <returns>编码为encoding的ch对应的拼音</returns>
        </member>
        <member name="M:NPinyin.Pinyin.ConvertEncoding(System.String,System.Text.Encoding,System.Text.Encoding)">
            <summary>
            转换编码 
            </summary>
            <param name="text">文本</param>
            <param name="srcEncoding">源编码</param>
            <param name="dstEncoding">目标编码</param>
            <returns>目标编码文本</returns>
        </member>
        <member name="M:NPinyin.Pinyin.GetHashIndex(System.Char)">
            <summary>
            取文本索引值
            </summary>
            <param name="ch">字符</param>
            <returns>文本索引值</returns>
        </member>
    </members>
</doc>
